{
    "name": "Inventory",
    "items": [
        {
            "categoryNum": 11,
            "price": 15,
            "name": "Item",
            "category": {"11": "OTHER"}
        },
        {
            "categoryNum": 2,
            "price": 100,
            "name": "Item3",
            "category": {"2": "BOOKS"}
        },
        {
            "categoryNum": 2,
            "price": 100,
            "name": "Item3",
            "category": {"2": "BOOKS"}
        },
        {
            "categoryNum": 2,
            "price": 100,
            "name": "Item3",
            "category": {"2": "BOOKS"}
        },
        {
            "categoryNum": 2,
            "price": 100,
            "name": "Item3",
            "category": {"2": "BOOKS"}
        },
        {
            "categoryNum": 2,
            "price": 100,
            "name": "Item3",
            "category": {"2": "BOOKS"}
        }
    ]
}